USE DOCKERIZED;
INSERT INTO brand (id, name, image, letter) VALUES (1, '联想', null, 'L');
INSERT INTO brand (id, name, image, letter) VALUES (2, '华为', null, 'H');
INSERT INTO brand (id, name, image, letter) VALUES (3, '小米', null, 'A');
INSERT INTO brand (id, name, image, letter) VALUES (4, '苹果', null, 'A');
INSERT INTO brand (id, name, image, letter) VALUES (5, 'OPPO', null, 'O');
INSERT INTO brand (id, name, image, letter) VALUES (6, '三星', null, 'S');
INSERT INTO brand (id, name, image, letter) VALUES (7, 'LG', null, 'L');
INSERT INTO brand (id, name, image, letter) VALUES (8, 'vivo', null, 'V');
INSERT INTO brand (id, name, image, letter) VALUES (9, '飞利浦', null, 'F');
INSERT INTO brand (id, name, image, letter) VALUES (10, '红米', null, 'H');
INSERT INTO brand (id, name, image, letter) VALUES (11, 'IMB', null, 'I');
INSERT INTO brand (id, name, image, letter) VALUES (12, '戴尔', null, 'D');

INSERT INTO category (id, name, parent_id, if_parent, sort) VALUES (1, '手机/数码/配件', null, 1, 1);
INSERT INTO category (id, name, parent_id, if_parent, sort) VALUES (2, '手机通讯', 1, 1, 1);
INSERT INTO category (id, name, parent_id, if_parent, sort) VALUES (3, '手机', 2, 0, 1);
INSERT INTO category (id, name, parent_id, if_parent, sort) VALUES (4, '手机配件', 1, 1, 2);
INSERT INTO category (id, name, parent_id, if_parent, sort) VALUES (5, '移动电源', 4, 0, 5);
INSERT INTO category (id, name, parent_id, if_parent, sort) VALUES (6, '蓝牙耳机', 4, 0, 2);
INSERT INTO category (id, name, parent_id, if_parent, sort) VALUES (7, '保护壳', 4, 0, 3);
INSERT INTO category (id, name, parent_id, if_parent, sort) VALUES (8, '数码配件', 1, 1, 10);
INSERT INTO category (id, name, parent_id, if_parent, sort) VALUES (9, '存储卡', 8, 0, 10);
INSERT INTO category (id, name, parent_id, if_parent, sort) VALUES (10, '读卡器', 8, 0, 1);
INSERT INTO category (id, name, parent_id, if_parent, sort) VALUES (11, '电脑/办公/外设', null, 1, 1);
INSERT INTO category (id, name, parent_id, if_parent, sort) VALUES (12, '电脑整机', 11, 1, 1);
INSERT INTO category (id, name, parent_id, if_parent, sort) VALUES (13, '笔记本', 12, 0, 1);
INSERT INTO category (id, name, parent_id, if_parent, sort) VALUES (14, '台式电脑', 12, 0, 1);
INSERT INTO category (id, name, parent_id, if_parent, sort) VALUES (15, '平板电脑', 12, 0, 1);

INSERT INTO category_brand (category_id, brand_id) VALUES (3, 1);
INSERT INTO category_brand (category_id, brand_id) VALUES (3, 2);
INSERT INTO category_brand (category_id, brand_id) VALUES (3, 3);
INSERT INTO category_brand (category_id, brand_id) VALUES (3, 4);
INSERT INTO category_brand (category_id, brand_id) VALUES (3, 5);
INSERT INTO category_brand (category_id, brand_id) VALUES (3, 6);
INSERT INTO category_brand (category_id, brand_id) VALUES (3, 8);
INSERT INTO category_brand (category_id, brand_id) VALUES (3, 10);
INSERT INTO category_brand (category_id, brand_id) VALUES (13, 1);
INSERT INTO category_brand (category_id, brand_id) VALUES (13, 2);
INSERT INTO category_brand (category_id, brand_id) VALUES (13, 12);
